<?xml version="1.0" encoding="UTF-8"?>
<GenRun Id="FIFO_read_synth_1" LaunchPart="xc7z020clg484-1" LaunchTime="1600287309">
  <File Type="RDS-PROPCONSTRS" Name="FIFO_read_drc_synth.rpt"/>
  <File Type="PA-TCL" Name="FIFO_read.tcl"/>
  <File Type="RDS-RDS" Name="FIFO_read.vds"/>
  <File Type="RDS-UTIL" Name="FIFO_read_utilization_synth.rpt"/>
  <File Type="RDS-UTIL-PB" Name="FIFO_read_utilization_synth.pb"/>
  <File Type="RDS-DCP" Name="FIFO_read.dcp"/>
  <File Type="VDS-TIMINGSUMMARY" Name="FIFO_read_timing_summary_synth.rpt"/>
  <File Type="VDS-TIMING-PB" Name="FIFO_read_timing_summary_synth.pb"/>
  <FileSet Name="sources" Type="BlockSrcs" RelSrcDir="$PSRCDIR/FIFO_read">
    <File Path="$PPRDIR/../../../../../../../../Users/krzys/Desktop/Studia/MTM/8_semestr/SDUP/ip_repo/DaataSniffer_IP_1.0/src/FIFO_read/FIFO_read.xci">
      <FileInfo>
        <Attr Name="UsedIn" Val="synthesis"/>
        <Attr Name="UsedIn" Val="implementation"/>
        <Attr Name="UsedIn" Val="simulation"/>
      </FileInfo>
    </File>
    <Config>
      <Option Name="TopModule" Val="FIFO_read"/>
      <Option Name="UseBlackboxStub" Val="1"/>
    </Config>
  </FileSet>
  <FileSet Name="constrs_in" Type="BlockSrcs" RelSrcDir="$PSRCDIR/FIFO_read">
    <File Path="$PPRDIR/../../../../../../../../Users/krzys/Desktop/Studia/MTM/8_semestr/SDUP/ip_repo/DaataSniffer_IP_1.0/src/FIFO_read/FIFO_read.xci">
      <FileInfo>
        <Attr Name="UsedIn" Val="synthesis"/>
        <Attr Name="UsedIn" Val="implementation"/>
        <Attr Name="UsedIn" Val="simulation"/>
      </FileInfo>
    </File>
    <Config>
      <Option Name="TopModule" Val="FIFO_read"/>
      <Option Name="UseBlackboxStub" Val="1"/>
    </Config>
  </FileSet>
  <Strategy Version="1" Minor="2">
    <StratHandle Name="Vivado Synthesis Defaults" Flow="Vivado Synthesis 2016">
      <Desc>Vivado Synthesis Defaults</Desc>
    </StratHandle>
    <Step Id="synth_design"/>
  </Strategy>
</GenRun>
