<?xml version="1.0" encoding="UTF-8"?>
<GenRun Id="synth_1" LaunchPart="xc7z020clg484-1" LaunchTime="1600515417">
  <File Type="PA-TCL" Name="mb_design_wrapper.tcl"/>
  <File Type="RDS-PROPCONSTRS" Name="mb_design_wrapper_drc_synth.rpt"/>
  <File Type="RDS-RDS" Name="mb_design_wrapper.vds"/>
  <File Type="RDS-UTIL" Name="mb_design_wrapper_utilization_synth.rpt"/>
  <File Type="RDS-UTIL-PB" Name="mb_design_wrapper_utilization_synth.pb"/>
  <File Type="RDS-DCP" Name="mb_design_wrapper.dcp"/>
  <File Type="VDS-TIMINGSUMMARY" Name="mb_design_wrapper_timing_summary_synth.rpt"/>
  <File Type="VDS-TIMING-PB" Name="mb_design_wrapper_timing_summary_synth.pb"/>
  <FileSet Name="sources" Type="DesignSrcs" RelSrcDir="$PSRCDIR/sources_1">
    <Filter Type="Srcs"/>
    <File Path="$PSRCDIR/sources_1/bd/mb_design/mb_design.bd">
      <FileInfo>
        <Attr Name="UsedIn" Val="synthesis"/>
        <Attr Name="UsedIn" Val="implementation"/>
        <Attr Name="UsedIn" Val="simulation"/>
      </FileInfo>
    </File>
    <File Path="$PSRCDIR/sources_1/bd/mb_design/hdl/mb_design_wrapper.v">
      <FileInfo>
        <Attr Name="UsedIn" Val="synthesis"/>
        <Attr Name="UsedIn" Val="implementation"/>
        <Attr Name="UsedIn" Val="simulation"/>
      </FileInfo>
    </File>
    <File Path="$PSDKDIR/DataSniffer/Debug/DataSniffer.elf">
      <FileInfo>
        <Attr Name="UsedIn" Val="implementation"/>
        <Attr Name="ScopedToRef" Val="mb_design"/>
        <Attr Name="ScopedToCell" Val="microblaze_0"/>
        <Attr Name="IsVisible" Val="1"/>
      </FileInfo>
    </File>
    <Config>
      <Option Name="DesignMode" Val="RTL"/>
      <Option Name="TopModule" Val="mb_design_wrapper"/>
      <Option Name="TopAutoSet" Val="TRUE"/>
    </Config>
  </FileSet>
  <FileSet Name="constrs_in" Type="Constrs" RelSrcDir="$PSRCDIR/constrs_1">
    <Filter Type="Constrs"/>
    <Config>
      <Option Name="ConstrsType" Val="XDC"/>
    </Config>
  </FileSet>
  <Strategy Version="1" Minor="2">
    <StratHandle Name="Vivado Synthesis Defaults" Flow="Vivado Synthesis 2016"/>
    <Step Id="synth_design"/>
  </Strategy>
  <BlockFileSet Type="BlockSrcs" Name="mb_design_axi_fifo_mm_s_0_0"/>
  <BlockFileSet Type="BlockSrcs" Name="mb_design_axi_gpio_0_0"/>
  <BlockFileSet Type="BlockSrcs" Name="mb_design_clk_wiz_1_0"/>
  <BlockFileSet Type="BlockSrcs" Name="mb_design_microblaze_0_0"/>
  <BlockFileSet Type="BlockSrcs" Name="mb_design_dlmb_v10_0"/>
  <BlockFileSet Type="BlockSrcs" Name="mb_design_ilmb_v10_0"/>
  <BlockFileSet Type="BlockSrcs" Name="mb_design_dlmb_bram_if_cntlr_0"/>
  <BlockFileSet Type="BlockSrcs" Name="mb_design_ilmb_bram_if_cntlr_0"/>
  <BlockFileSet Type="BlockSrcs" Name="mb_design_mdm_1_0"/>
  <BlockFileSet Type="BlockSrcs" Name="mb_design_lmb_bram_0"/>
  <BlockFileSet Type="BlockSrcs" Name="mb_design_rst_clk_wiz_1_100M_0"/>
  <BlockFileSet Type="BlockSrcs" Name="mb_design_xbar_0"/>
  <BlockFileSet Type="BlockSrcs" Name="mb_design_DaataSniffer_IP_v1_0_0_0"/>
</GenRun>
